<drawing><figures><ent id="0"><children><r id="1" x="286" y="214" w="164" h="73"><a><fillColor><color rgba="#ffebffe8"/></fillColor></a></r><t id="2" x="339.7548828125" y="243.2080078125"><a><text><string>members</string></text></a></t></children></ent><atr id="3" nullable="false" attributeType="VARCHAR2(128)"><children><e id="4" x="198" y="106" w="110" h="41"><a><fillColor><color rgba="#ffffebeb"/></fillColor></a></e><t id="5" x="220.568359375" y="119.2080078125"><a><text><string>first_name</string></text></a></t></children></atr><atr id="6" nullable="false" attributeType="VARCHAR2(128)"><children><e id="7" x="419" y="123" w="124" h="41"><a><fillColor><color rgba="#ffffebeb"/></fillColor></a></e><t id="8" x="449.634765625" y="136.2080078125"><a><text><string>last_name</string></text></a></t></children></atr><atr id="9" nullable="false" attributeType="VARCHAR2(128)"><children><e id="a" x="139" y="221" w="80" h="55"><a><fillColor><color rgba="#ffffebeb"/></fillColor></a></e><t id="b" x="162.693359375" y="241.2080078125"><a><text><string>email</string></text></a></t></children></atr><atr id="c" nullable="false" attributeType="VARCHAR2(128)"><children><e id="d" x="220" y="339" w="108" h="44"><a><fillColor><color rgba="#ffffebeb"/></fillColor></a></e><t id="e" x="253.392578125" y="353.7080078125"><a><text><string>uname</string></text></a></t></children></atr><atr id="f" nullable="false" attributeType="VARCHAR2(128)"><children><e id="10" x="428" y="339" w="97" h="55"><a><fillColor><color rgba="#ffffebeb"/></fillColor></a></e><t id="11" x="462.90625" y="359.2080078125"><a><text><string>pass</string></text></a></t></children></atr><lcaf id="12"><points><p colinear="true" x="334.1491935483871" y="214" c1x="0" c1y="0" c2x="0" c2y="0"/><p colinear="true" x="272.01209677419354" y="147" c1x="0" c1y="0" c2x="0" c2y="0"/></points><startConnector><rConnector id="13"><Owner><ent ref="0"/></Owner></rConnector></startConnector><endConnector><rConnector id="14"><Owner><atr ref="3"/></Owner></rConnector></endConnector></lcaf><lcaf id="15"><points><p colinear="true" x="406.5467289719626" y="214" c1x="0" c1y="0" c2x="0" c2y="0"/><p colinear="true" x="459.35046728971963" y="164" c1x="0" c1y="0" c2x="0" c2y="0"/></points><startConnector><rConnector id="16"><Owner><ent ref="0"/></Owner></rConnector></startConnector><endConnector><rConnector id="17"><Owner><atr ref="6"/></Owner></rConnector></endConnector></lcaf><lcaf id="18"><points><p colinear="true" x="286" y="249.63227513227514" c1x="0" c1y="0" c2x="0" c2y="0"/><p colinear="true" x="219" y="248.92328042328043" c1x="0" c1y="0" c2x="0" c2y="0"/></points><startConnector><rConnector id="19"><Owner><ent ref="0"/></Owner></rConnector></startConnector><endConnector><rConnector id="1a"><Owner><atr ref="9"/></Owner></rConnector></endConnector></lcaf><lcaf id="1b"><points><p colinear="true" x="292.71493212669685" y="339" c1x="0" c1y="0" c2x="0" c2y="0"/><p colinear="true" x="336.95022624434387" y="287" c1x="0" c1y="0" c2x="0" c2y="0"/></points><startConnector><rConnector id="1c"><Owner><atr ref="c"/></Owner></rConnector></startConnector><endConnector><rConnector id="1d"><Owner><ent ref="0"/></Owner></rConnector></endConnector></lcaf><lcaf id="1e"><points><p colinear="true" x="450.7780172413793" y="339" c1x="0" c1y="0" c2x="0" c2y="0"/><p colinear="true" x="402.1400862068965" y="287" c1x="0" c1y="0" c2x="0" c2y="0"/></points><startConnector><rConnector id="1f"><Owner><atr ref="f"/></Owner></rConnector></startConnector><endConnector><rConnector id="20"><Owner><ent ref="0"/></Owner></rConnector></endConnector></lcaf><atrchave id="21" nullable="false" attributeType="NUMBER"><children><e id="22" x="343" y="61" w="80" h="37"><a><fillColor><color rgba="#ffffebeb"/></fillColor></a></e><t id="23" x="376.75390625" y="72.2080078125"><a><fontUnderlined><boolean>true</boolean></fontUnderlined><fontBold><boolean>true</boolean></fontBold><text><string>id</string></text></a></t></children></atrchave><lcaf id="24"><points><p colinear="true" x="381.3771929824561" y="98" c1x="0" c1y="0" c2x="0" c2y="0"/><p colinear="true" x="371.20175438596493" y="214" c1x="0" c1y="0" c2x="0" c2y="0"/></points><startConnector><rConnector id="25"><Owner><atrchave ref="21"/></Owner></rConnector></startConnector><endConnector><rConnector id="26"><Owner><ent ref="0"/></Owner></rConnector></endConnector></lcaf><rel id="27"><children><diamond id="28" x="652" y="222" w="80" h="40"><a><fillColor><color rgba="#ffddddff"/></fillColor></a></diamond><t id="29" x="672.318359375" y="234.7080078125"><a><text><string>access</string></text></a></t></children></rel><ent id="2a"><children><r id="2b" x="826" y="221" w="110" h="64"><a><fillColor><color rgba="#ffebffe8"/></fillColor></a></r><t id="2c" x="853.4111328125" y="245.7080078125"><a><text><string>Coureses</string></text></a></t></children></ent><atr id="2d" nullable="false" attributeType="VARCHAR2(128)"><children><e id="2e" x="896" y="93" w="119" h="43"><a><fillColor><color rgba="#ffffebeb"/></fillColor></a></e><t id="2f" x="915.0498046875" y="107.2080078125"><a><text><string>course_name</string></text></a></t></children></atr><atrchave id="30" nullable="false" attributeType="NUMBER"><children><e id="31" x="969" y="318" w="113" h="52"><a><fillColor><color rgba="#ffffebeb"/></fillColor></a></e><t id="32" x="992.5380859375" y="336.7080078125"><a><fontUnderlined><boolean>true</boolean></fontUnderlined><fontBold><boolean>true</boolean></fontBold><text><string>course_id</string></text></a></t></children></atrchave><llabelUm id="33"><points><p colinear="true" x="652" y="243.04938271604937" c1x="0" c1y="0" c2x="0" c2y="0"/><p colinear="true" x="450" y="248.34876543209876" c1x="0" c1y="0" c2x="0" c2y="0"/></points><startConnector><rConnector id="34"><Owner><rel ref="27"/></Owner></rConnector></startConnector><endConnector><rConnector id="35"><Owner><ent ref="0"/></Owner></rConnector></endConnector></llabelUm><llabelMuitos id="36"><points><p colinear="true" x="732" y="244.32804232804233" c1x="0" c1y="0" c2x="0" c2y="0"/><p colinear="true" x="826" y="249.7989417989418" c1x="0" c1y="0" c2x="0" c2y="0"/></points><startConnector><rConnector id="37"><Owner><rel ref="27"/></Owner></rConnector></startConnector><endConnector><rConnector id="38"><Owner><ent ref="2a"/></Owner></rConnector></endConnector><a><text><string>N</string></text></a></llabelMuitos><lcaf id="39"><points><p colinear="true" x="898.2129963898917" y="221" c1x="0" c1y="0" c2x="0" c2y="0"/><p colinear="true" x="943.9350180505415" y="136" c1x="0" c1y="0" c2x="0" c2y="0"/></points><startConnector><rConnector id="3a"><Owner><ent ref="2a"/></Owner></rConnector></startConnector><endConnector><rConnector id="3b"><Owner><atr ref="2d"/></Owner></rConnector></endConnector></lcaf><lcaf id="3c"><points><p colinear="true" x="931.8131868131868" y="285" c1x="0" c1y="0" c2x="0" c2y="0"/><p colinear="true" x="984.2142857142857" y="318" c1x="0" c1y="0" c2x="0" c2y="0"/></points><startConnector><rConnector id="3d"><Owner><ent ref="2a"/></Owner></rConnector></startConnector><endConnector><rConnector id="3e"><Owner><atrchave ref="30"/></Owner></rConnector></endConnector></lcaf><rel id="3f"><children><diamond id="40" x="668" y="388" w="109.51953125" h="40"><a><fillColor><color rgba="#ffddddff"/></fillColor></a></diamond><t id="41" x="678" y="400.7080078125"><a><text><string>gives feedback</string></text></a></t></children></rel><lcaf id="42"><points><p colinear="true" x="677.7109064980159" y="388" c1x="0" c1y="0" c2x="0" c2y="0"/><p colinear="true" x="450" y="286.904917500289" c1x="0" c1y="0" c2x="0" c2y="0"/></points><startConnector><rConnector id="43"><Owner><rel ref="3f"/></Owner></rConnector></startConnector><endConnector><rConnector id="44"><Owner><ent ref="0"/></Owner></rConnector></endConnector></lcaf><ent id="45"><children><r id="46" x="821" y="534" w="80" h="40"><a><fillColor><color rgba="#ffebffe8"/></fillColor></a></r><t id="47" x="835.3154296875" y="546.7080078125"><a><text><string>question</string></text></a></t></children></ent><atr id="48" nullable="false" attributeType="VARCHAR2(128)"><children><e id="49" x="672" y="567" w="108" h="41"><a><fillColor><color rgba="#ffffebeb"/></fillColor></a></e><t id="4a" x="700.3154296875" y="580.2080078125"><a><text><string>question</string></text></a></t></children></atr><atr id="4b" nullable="false" attributeType="VARCHAR2(128)"><children><e id="4c" x="817" y="615" w="80" h="20"><a><fillColor><color rgba="#ffffebeb"/></fillColor></a></e><t id="4d" x="835.044921875" y="617.7080078125"><a><text><string>options</string></text></a></t></children></atr><atr id="4e" nullable="false" attributeType="VARCHAR2(128)"><children><e id="4f" x="960" y="586" w="80" h="20"><a><fillColor><color rgba="#ffffebeb"/></fillColor></a></e><t id="50" x="983.693359375" y="588.7080078125"><a><text><string>email</string></text></a></t></children></atr><lcaf id="51"><points><p colinear="true" x="821" y="563.9259259259259" c1x="0" c1y="0" c2x="0" c2y="0"/><p colinear="true" x="780" y="574.1" c1x="0" c1y="0" c2x="0" c2y="0"/></points><startConnector><rConnector id="52"><Owner><ent ref="45"/></Owner></rConnector></startConnector><endConnector><rConnector id="53"><Owner><atr ref="48"/></Owner></rConnector></endConnector></lcaf><lcaf id="54"><points><p colinear="true" x="859.8732394366198" y="574" c1x="0" c1y="0" c2x="0" c2y="0"/><p colinear="true" x="857.5633802816901" y="615" c1x="0" c1y="0" c2x="0" c2y="0"/></points><startConnector><rConnector id="55"><Owner><ent ref="45"/></Owner></rConnector></startConnector><endConnector><rConnector id="56"><Owner><atr ref="4b"/></Owner></rConnector></endConnector></lcaf><lcaf id="57"><points><p colinear="true" x="901" y="566.0863309352518" c1x="0" c1y="0" c2x="0" c2y="0"/><p colinear="true" x="966.9047619047619" y="586" c1x="0" c1y="0" c2x="0" c2y="0"/></points><startConnector><rConnector id="58"><Owner><ent ref="45"/></Owner></rConnector></startConnector><endConnector><rConnector id="59"><Owner><atr ref="4e"/></Owner></rConnector></endConnector></lcaf><lcaf id="5a"><points><p colinear="true" x="741.6967840325342" y="428" c1x="0" c1y="0" c2x="0" c2y="0"/><p colinear="true" x="842.0629815924658" y="534" c1x="0" c1y="0" c2x="0" c2y="0"/></points><startConnector><rConnector id="5b"><Owner><rel ref="3f"/></Owner></rConnector></startConnector><endConnector><rConnector id="5c"><Owner><ent ref="45"/></Owner></rConnector></endConnector></lcaf></figures></drawing>